,ANCILLARYROLE,ENABLED,CHAMBER_TYPE,CHAMBER_TYPE2,FACILITYID,LEGACYID,NODE_NO,CHAMBER_DISCHARGE,STATUS,PROJECT_NO,YR,OWNER,LOCATION,COMMENTS,GIS_ENTRY_STAGE,WARRANTYDATE,CONDITION,CONDITIONDATE,YTD_COST,LIFECYCLE_COST,CRE_DATE,MOD_DATE,Latitude,Longitude
0,,1,2,Valve,1000262514,19526,1460302102,,In Service,,2002,Metro Vancouver,,,,,,,,,20020506,20170413,49.041008,-122.817744
1,,1,2,Valve,1000262525,23663,1460102212,,In Service,1200-5130-00,2003,Surrey,,SEE ALSO W-123-062(PM),Final AB,,,,,,20050630,20170413,49.043001,-122.817814
2,,1,2,Valve,1000262552,18715,1460102137,,In Service,,,Surrey,,CLOSED,,,,,,,20020503,20170413,49.041644,-122.817808
3,,1,2,Valve,1000262568,18732,1458402131,,In Service,,,Metro Vancouver,,,,,,,,,20020503,20170413,49.041542,-122.818263
4,,1,2,Valve,1000262632,18806,1460402348,,In Service,,,Metro Vancouver,,,,,,,,,20020503,20170413,49.045464,-122.817710
5,,1,2,Valve,1000262765,5358,1758809628,,In Service,4639,,Surrey,,,Final AB,,,,,,20020426,20170413,49.177042,-122.734882
6,,1,2,Valve,1000263043,20769,1428710407,,In Service,1200-1040-00,2000,Surrey,,"CHAMBER CONTAINS CHECK VALVE SEE WF-003, 005",Final AB,,,,,,20020917,20170413,49.191302,-122.825924
7,,1,2,Valve,1000264913,17785,1917902769,,In Service,,,Metro Vancouver,,,,,,,,,20020503,20170413,49.052809,-122.691723
8,,1,2,Valve,1000265460,23066,1917703579,,In Service,WF-2088,1991,Metro Vancouver,,,Final AB,,,,,,20040401,20170413,49.067470,-122.691683
9,,1,2,Valve,1000265492,16195,1920204668,,In Service,,,Surrey,,,,,,,,,20020502,20170413,49.087167,-122.690880
10,,1,2,Valve,1000265835,11725,1840307220,,In Service,,,Surrey,,,,,,,,,20020501,20170413,49.133407,-122.712638
11,,1,2,Valve,1000265838,11728,1764807471,,In Service,,,Metro Vancouver,,,,,,,,,20020501,20170413,49.138005,-122.733427
12,,1,2,Valve,1000265839,11729,1764207459,,In Service,,,Metro Vancouver,,,,,,,,,20020501,20170413,49.137781,-122.733599
13,,1,2,Valve,1000265847,11737,1839507217,,In Service,,,Metro Vancouver,,,,,,,,,20020501,20170413,49.133352,-122.712848
14,,1,2,Valve,1000266664,7026,1382009365,,In Service,,,Metro Vancouver,,,,,,,,,20020429,20170413,49.172472,-122.838868
15,,1,2,Valve,1000266974,5259,1679509625,,In Service,,,Surrey,,,,,,,,,20020426,20170413,49.177033,-122.756769
16,,1,2,Valve,1000267095,115,1235010435,,In Service,,,Surrey,,,,,,,,,20020423,20170413,49.191889,-122.879402
17,,1,0,Pressure Reducing,1000267129,167,1251910435,,In Service,,,Surrey,10410 125A STREET,Critical,,,,,,,20020423,20170413,49.191879,-122.874746
18,,1,2,Valve,1000267366,2807,1459111727,,In Service,,,Metro Vancouver,,,,,,,,,20020424,20170413,49.215176,-122.817454
19,,1,2,Valve,1000267367,2834,1456611177,,In Service,,,Metro Vancouver,,,,,,,,,20020424,20170413,49.205232,-122.818166
20,,1,2,Valve,1000267813,4336,1310510024,,In Service,,,Surrey,,,,,,,,,20020425,20170413,49.184425,-122.858569
21,,1,2,Valve,1000267985,4617,1342010075,,In Service,,,Surrey,,,,,,,,,20020425,20170413,49.185329,-122.849879
22,,1,2,Valve,1000268473,16145,1918605410,,In Service,,,Metro Vancouver,,,,,,,,,20020502,20170413,49.100602,-122.691246
23,,1,2,Valve,1000268510,23436,1918005428,,In Service,1299-5020-00,2004,Surrey,,CONTAINS FLOW METER,Final AB,,,,,,20041208,20170413,49.100921,-122.691404
24,,1,2,Valve,1000269137,12971,1680706409,,In Service,,,Surrey,,,,,,,,,20020502,20170413,49.118831,-122.756719
25,,1,2,Valve,1000269176,13009,1761006818,,In Service,,,Surrey,,,,,,,,,20020502,20170413,49.126193,-122.734526
26,,1,2,Valve,1000270285,5587,1463310531,,In Service,,,Metro Vancouver,,,,,,,,,20020426,20170413,49.193539,-122.816359
27,,1,2,Valve,1000270289,5591,1476910553,,In Service,,,Surrey,,,,,,,,,20020426,20170413,49.193920,-122.812614
28,,1,2,Valve,1000270296,5598,1460410548,,In Service,,,Surrey,,,,,,,,,20020426,20170413,49.193846,-122.817159
29,,1,2,Valve,1000270420,5771,1463510550,,In Service,,,Metro Vancouver,,,,,,,,,20020426,20170413,49.193875,-122.816312
30,,1,0,Pressure Reducing,1000268681,16037,1479505604,,Abandoned,4445,1969,Surrey,,,Final AB,,,,,,20020502,,49.104369,-122.812228
31,,1,0,Pressure Reducing,1000274986,14897,1759206394,,Abandoned,4076,,Surrey,,FIELD INFO,Final AB,,,,,,20020502,20070309,49.118525,-122.735073
32,,1,0,Pressure Reducing,1000273260,7264,1108209791,,Abandoned,,,Surrey,,FIELD INFO,,,,,,,20020429,20111205,49.180269,-122.914444
33,,1,0,Pressure Reducing,1000280624,22934,1640802798,,Abandoned,1202-5030-00,2002,Surrey,2814 164 ST,,Final AB,,,,,,20040112,20170410,49.053509,-122.768020
34,,1,2,Valve,1000270430,5781,1459210492,,In Service,,,Metro Vancouver,,,,,,,,,20020426,20170413,49.192829,-122.817509
35,,1,2,Valve,1000270431,5782,1463010535,,In Service,,,Surrey,,,,,,,,,20020426,20170413,49.193607,-122.816440
36,,1,2,Valve,1000270603,3099,1111809902,,In Service,,,Metro Vancouver,,,,,,,,,20020425,20170413,49.182260,-122.913435
37,,1,2,Valve,1000270650,15777,1959306146,,In Service,WF-1384,1977,Metro Vancouver,,SEE ALSO GVW-079-001,Final AB,,,,,,20050429,20170413,49.113883,-122.679945
38,,1,2,Valve,1000271250,4692,1519110014,,In Service,,,Surrey,,,,,,,,,20020425,20170413,49.184147,-122.800988
39,,1,2,Valve,1000271251,4693,1519009809,,In Service,,,Surrey,,,,,,,,,20020425,20170413,49.180439,-122.801044
40,,1,2,Valve,1000271391,4838,1479310011,,In Service,,,Surrey,,,,,,,,,20020425,20170413,49.184114,-122.811994
41,,1,2,Valve,1000271605,6137,1246909034,,In Service,,,Surrey,,,,,,,,,20020429,20170413,49.166524,-122.876189
42,,1,2,Valve,1000271626,6170,1276409211,,In Service,,,Surrey,,,,,,,,,20020429,20170413,49.169722,-122.868040
43,,1,2,Valve,1000271627,6171,1276409062,,In Service,,,Surrey,,,,,,,,,20020429,20170413,49.167030,-122.868043
44,,1,2,Valve,1000271750,6378,1211409063,,In Service,,,Metro Vancouver,,,,,,,,,20020429,20170413,49.167057,-122.885966
45,,1,2,Valve,1000272590,13545,1268706269,,In Service,,,Metro Vancouver,,,,,,,,,20020502,20170413,49.116486,-122.870308
46,,1,2,Valve,1000273251,3112,1113010009,,In Service,,,Metro Vancouver,,,,,,,,,20020425,20170413,49.184208,-122.913110
47,,1,2,Valve,1000273437,7609,1478709582,,In Service,,,Metro Vancouver,,,,,,,,,20020429,20170413,49.176353,-122.812177
48,,1,2,Valve,1000273455,7627,1478109525,,In Service,,,Metro Vancouver,,,,,,,,,20020429,20170413,49.175327,-122.812336
49,,1,2,Valve,1000273964,10583,1236507243,,In Service,,,Metro Vancouver,,,,,,,,,20020501,20170413,49.134111,-122.879137
50,,1,2,Valve,1000274010,23064,1277307227,,In Service,,,Surrey,,,,,,,,,20040401,20170413,49.133827,-122.867875
51,,1,2,Valve,1000274541,12083,1236706422,,In Service,,,Metro Vancouver,,,,,,,,,20020501,20170413,49.119257,-122.879103
52,,1,2,Valve,1000274542,12084,1257106419,,In Service,,,Metro Vancouver,,,,,,,,,20020501,20170413,49.119206,-122.873483
53,,1,2,Valve,1000275091,16241,1431303910,,In Service,,,Metro Vancouver,,,,,,,,,20020502,20170413,49.073748,-122.825610
54,,1,2,Valve,1000275191,23713,1433503710,,In Service,1200-3050-00,2005,Surrey,,,Final AB,,,,,,20050729,20170413,49.070099,-122.825018
55,,1,2,Valve,1000275413,16941,1400602362,,In Service,,,Surrey,,FT02178,,,,,,,20020502,20170413,49.045744,-122.834169
56,,1,2,Valve,1000275423,16951,1439902764,,In Service,,,Metro Vancouver,,,,,,,,,20020502,20170413,49.053001,-122.823340
57,,1,2,Valve,1000275730,23286,1663802333,,In Service,WF-2556,1999,Metro Vancouver,,SEE ALSO GVW-125-028 TO 030,Final AB,,,,,,20040914,20170413,49.045085,-122.761735
58,,1,2,Valve,1000276495,21167,1338110830,,In Service,,,Surrey,,,,,,,,,20020918,20170413,49.198991,-122.850921
59,,1,2,Valve,1000276496,21168,1336610895,,In Service,7889-0435-00,,Surrey,,,,,,,,,20020918,20170413,49.200179,-122.851325
60,,1,2,Valve,1000277747,10071,1640308311,,In Service,,,Metro Vancouver,,,,,,,,,20020430,20170413,49.153272,-122.767690
61,,1,0,Pressure Reducing,1000278161,11324,1439107614,,In Service,,,Surrey,7596 144 ST,Secondary - (144 & 76 Ave),,,,,,,20020501,20170413,49.140763,-122.823243
62,,1,2,Valve,1000278411,20479,1919006451,,In Service,1200-5030-04,2001,Metro Vancouver,,SEE W-068-054,Final AB,,,,,,20020502,20170413,49.119443,-122.691008
63,,1,2,Valve,1000278461,22946,1919307227,,In Service,WF-2611,1999,Metro Vancouver,,SEE ALSO WD-068-061 TO 63,Final AB,,,,,,20031215,20170413,49.133479,-122.690841
64,,1,0,Pressure Reducing,1001416145,,1640209535,,Proposed,1209-5010-00,,Surrey,,,EC,,,,,,20120618,20120618,49.175428,-122.767607
65,,1,0,Pressure Reducing,1000267363,2731,1459211677,,Abandoned,,1978,Surrey,14590 116A AVE,"Abandoned April 2017, New PRV at 116 Ave/Surrey Rd",Final AB,,,,,,20020424,20170721,49.214260,-122.817414
66,,1,2,Valve,1000278497,23616,1904907225,,In Service,WF-1456,1998,Metro Vancouver,,SEE ALSO WD-058-007,Final AB,,,,,,20050429,20170413,49.133456,-122.694817
67,,1,2,Valve,1000278801,14166,1294805605,,In Service,,,Metro Vancouver,,,,,,,,,20020502,20170413,49.104463,-122.863128
68,,1,2,Valve,1000278957,13957,1378606016,,In Service,,,Surrey,,,,,,,,,20020502,20170413,49.111875,-122.840003
69,,1,2,Valve,1000279342,17127,1460202361,,In Service,,,Surrey,,,,,,,,,20020503,20170413,49.045694,-122.817775
70,,1,2,Valve,1000279773,20266,1572602360,,In Service,1297-5090-00,2000,Surrey,,SEE WD-114-033,Final AB,,,,,,20020709,20170413,49.045631,-122.786825
71,,1,2,Valve,1000280169,8089,1640109314,,In Service,,,Metro Vancouver,,,,,,,,,20020429,20170413,49.171425,-122.767669
72,,1,2,Valve,1000280564,17578,1666802368,,In Service,,,Surrey,,,,,,,,,20020503,20170413,49.045720,-122.760903
73,,1,2,Valve,1000280631,23281,1666902357,,In Service,WF-2556,1999,Metro Vancouver,,SEE ALSO GVW-125-031 TO 032,Final AB,,,,,,20040914,20170413,49.045523,-122.760866
74,,1,2,Valve,1000814555,,1879605401,,In Service,1200-5120-00,2006,Surrey,,350 & 600 BUTERFLY VALVES,Final AB,,,,,,20061214,20170413,49.100461,-122.701990
75,,1,2,Valve,1000820735,,1460302348,,In Service,WF-2093,2006,Metro Vancouver,,,Final AB,,,,,,20070313,20170413,49.045464,-122.817727
76,,1,0,Pressure Reducing,1000851025,,1658608197,,In Service,1205-5520-00,2008,Surrey,16588 FRASER HWY,,Final AB,,,,,,20080521,20170413,49.151196,-122.762634
77,,1,0,Pressure Reducing,1000853191,,1492703017,,In Service,1205-5530-00,2007,Surrey,3061 KING GEORGE BLVD,,Final AB,,,,,,20080625,20170413,49.057545,-122.808768
78,,1,0,Pressure Reducing,1000855708,,1649808774,,In Service,7806-0012-00,2008,Surrey,16488 87A AVE,,Final AB,,,,,,20080815,20170413,49.161655,-122.765028
79,,1,0,Pressure Reducing,1001085721,,1442705621,No,In Service,MOTH 71101-1004,2009,Surrey,14400 BLK HWY 10 (56 AVE),T.B Verified with A/B,Final AB,,,,,,20100922,20170413,49.104700,-122.822380
80,,1,0,Pressure Reducing,1001120176,,1479605628,No,In Service,1207-3590-00,2009,Surrey,5606 148 ST,,Final AB,,,,,,20090421,20170413,49.104810,-122.812195
81,,1,2,Valve,1001126510,,1477710422,No,In Service,W-902,1980,Surrey,,Check valve in valve chamber,Final AB,,,,,,20090625,20170413,49.191558,-122.812385
82,,1,0,Pressure Reducing,1001132305,,1601602754,No,In Service,7805-0349-00,,Surrey,S E COR. 28 AVE & 160 ST,For Interm PRV Station,Final AB,,,,,,20090923,20170413,49.052739,-122.778822
83,,1,2,Valve,1001134959,,1460702206,Yes,In Service,4806-3070-00,2008,Surrey,,DISCHARGE KIOSK,Final AB,,,,,,20091016,20170413,49.042891,-122.817635
84,,1,2,Valve,1001134963,,1460602212,No,In Service,4806-3070-00,2008,Surrey,,,Final AB,,,,,,20091016,20170413,49.042992,-122.817665
85,,1,3,Zone Meter,1001141044,,1555802355,,In Service,1207-5560-00,2009,Surrey,15564 24 AVE,,Final AB,,,,,,20091120,20170413,49.045549,-122.791441
86,,1,3,Zone Meter,1001141058,,1461502362,,In Service,1207-5560-00,2009,Surrey,SUNNYSIDE @ 2400 (E),,Final AB,,,,,,20091120,20170413,49.045723,-122.817414
87,,1,3,Zone Meter,1001141063,,1459302361,,In Service,1207-5560-00,2009,Surrey,SUNNYSIDE @ 2400 (W),,Final AB,,,,,,20091120,20170413,49.045694,-122.818017
88,,1,3,Zone Meter,1001141064,,1640209537,,In Service,1207-5560-00,2009,Surrey,9548 164 ST,,Final AB,,,,,,20091120,20170413,49.175470,-122.767620
89,,1,3,Zone Meter,1001141069,,1680008039,,In Service,1207-5560-00,2009,Surrey,8015 FRASER HWY,Relocated by 1209-5210-00,Final AB,,,,,,20091123,20170413,49.148326,-122.756746
90,,1,3,Zone Meter,1001141070,,1357409213,,In Service,1207-5560-00,2009,Surrey,9180 KING GEORGE BLVD,,Final AB,,,,,,20091123,20170413,49.169733,-122.845691
91,,1,2,Valve,1001168629,,1198611202,,In Service,,1963,Surrey,,,Final AB,,,,,,20100727,20170413,49.205764,-122.889422
92,,1,3,Zone Meter,1001173041,,1840307216,,In Service,F/T,,Surrey,184 ST & 72 AVE,,Initial AB,,,,,,20100923,20170413,49.133338,-122.712625
93,,1,3,Zone Meter,1001173042,,1918205432,,In Service,F/T,,Surrey,54TH & 192ND ST,,Initial AB,,,,,,20100923,20170413,49.101002,-122.691343
94,,1,3,Zone Meter,1001173043,,1761206889,,In Service,F/T,,Surrey,6890-176 ST,,Initial AB,,,,,,20100923,20170413,49.127467,-122.734471
95,,1,3,Zone Meter,1001173044,,1940206271,,In Service,F/T,,Surrey,19407 FRASER HWY,,Initial AB,,,,,,20100923,20170413,49.116166,-122.685174
96,,1,3,Zone Meter,1001184342,,1581602226,,In Service,1209-1020-00,2010,Surrey,2303 CRANLEY DR,Placed as per Sig B.,Final AB,,,,,,20101210,20170413,49.043204,-122.784358
97,,1,0,Pressure Reducing,1001184873,,1275406242,,In Service,1207-5580-00,2010,Surrey,62A AVE WEST OF 128TH ST,,Final AB,,,,,,20101216,20170413,49.115987,-122.868466
98,,1,0,Pressure Reducing,1001189821,,1640102350,,In Service,7807-0041-00,2009,Surrey,24 @ 164,,Final AB,,,,,,20110222,20170413,49.045408,-122.768230
99,,1,0,Pressure Reducing,1001189822,,1633001362,,In Service,7807-0041-00,2009,Surrey,16335 14TH AVE,,Final AB,,,,,,20110222,20170413,49.027525,-122.770293
100,,1,0,Pressure Reducing,1001204755,,1654108154,,In Service,7803-0440-00,2011,Surrey,SW CORNER OF 16588 81AVE,Drawing Details Sheet WD-045-079,Final AB,,,,,,20110721,20170413,49.150421,-122.763889
101,,1,3,Zone Meter,1001222657,,1684206006,,In Service,1209-5060-00,2010,Surrey,16832 60TH AVE,1500 MH,Final AB,,,,,,20111208,20170413,49.111536,-122.755793
102,,1,0,Pressure Reducing,1001416027,,1371106217,,In Service,1209-6020-00,2014,Surrey,62ND AVE. AND 137A STREET,New PRV Chamber,Final AB,,New,20130627,,,20151014,20170413,49.115510,-122.842070
103,,1,0,Pressure Reducing,1001416028,,1295205603,,In Service,1209-6030-00,2014,Surrey,56TH AND COULTHARD RD. ,,Final AB,,,,,,20151014,20170413,49.104425,-122.863019
104,,1,0,Pressure Reducing,1001416037,,1323505555,,In Service,1209-5080-00,2014,Surrey,55A AVE. AND 132A ST. ,"NE Corner of 55A Ave. and 132A St., off of 132A st.",Final AB,,,,,,20151014,20170413,49.103551,-122.855228
105,,0,2,Valve,1000267936,4533,1340710354,,Abandoned,,,Surrey,,,,,,,,,20020425,20130107,49.190385,-122.850228
106,,1,0,Pressure Reducing,1001416042,,1558907929,,In Service,1209-5090-00,2014,Surrey,156 ST & 79A AVE ,,Final AB,,,,,,20151014,20170413,49.146399,-122.790179
107,,1,0,Pressure Reducing,1001416049,,1253805501,,In Service,1209-5100-00,2014,Surrey,55 AVE AND 125A STREET,,Final AB,,,,,,20151014,20170413,49.102599,-122.874430
108,,1,0,Pressure Reducing,1001416053,,1613108021,,In Service,1209-5110-00,2014,Surrey,80 AVE & 161A ST,,Final AB,,,,,,20151014,20170413,49.148041,-122.775211
109,,1,0,Pressure Reducing,1001416074,,1126209902,,In Service,1209-5120-00,2014,Surrey,PLYWOOD RD & ROBSON RD,,Final AB,,,,,,20151014,20170413,49.182266,-122.909452
110,,1,0,Pressure Reducing,1001416079,,1477808671,,In Service,1209-5140-00,2014,Surrey,8640BLK 148 ST,,Final AB,,,,,,20151015,20170413,49.159872,-122.812501
111,,1,0,Pressure Reducing,1001416105,,1627801369,,In Service,1209-5150-00,2014,Surrey,1421 KING GEORGE BLVD (W),,Final AB,,New,20131108,,,20151015,20170413,49.027672,-122.771713
112,,1,3,Zone Meter,1001932272,,1545103160,Yes,In Service,1213-3280-00,2015,Surrey,,,Final AB,,,,,,20170523,20170523,49.060109,-122.794334
113,,1,3,Zone Meter,1001932303,,1361106416,,In Service,1213-3280-00,2015,Surrey,,,Final AB,,,,,,20170523,20170523,49.119112,-122.844829
114,,1,3,Zone Meter,1001932298,,1498205801,Yes,In Service,1213-3280-00,2015,Surrey,,,Final AB,,,,,,20170523,20170523,49.107936,-122.807052
115,,1,3,Zone Meter,1001418117,,1439603167,,In Service,1213-3280-00,2015,Surrey,NW CORNER 32 AVE & 144 ST,,Final AB,,,,,,20170523,20170523,49.060288,-122.823379
116,,0,0,Pressure Reducing,1000263258,20097,1563003364,,Abandoned,7800-0107-00,2001,Surrey,15639 34 AVE,Decommisioned Feb 2018 - FT02559,Final AB,,,,,,20020617,20180308,49.063800,-122.789403
117,,1,2,Valve,1000278671,13807,1318906017,,In Service,0048,1966,Surrey,,,,,,,,,20020502,20180220,49.111915,-122.856470
118,,1,2,Valve,1001987746,,1900507154,,In Service,,2017,Surrey,Hazelgrove Park,Parks Responsibility,Final AB,,,,,,20180301,20180302,49.132165,-122.696022
119,,1,2,Valve,1001987747,,1902207153,,In Service,,2017,Surrey,Hazelgrove Park,Parks Responsibility,Final AB,,,,,,20180301,20180306,49.132159,-122.695569
120,,1,2,Valve,1001989508,,1341910068,,In Service,,2006,Surrey,Holland Park,Parks Responsibility - Irrigation,Final AB,,,,,,20180312,20180312,49.185211,-122.849905
121,,1,2,Valve,1001992321,,1544110237,,In Service,,,Surrey,Guildford Heights Park,Water Chamber Location Approx.,,,,,,,20180321,20180321,49.188175,-122.794087
122,,0,0,Pressure Reducing,1000853192,,1492703017,,Abandoned,1205-5530-00,2007,Surrey,3061 KING GEORGE HWY,"Duplicate of 1000853191, both PRVs are in same Chamber",Final AB,,,,,,20080625,20150424,49.057549,-122.808760
123,,1,0,Pressure Reducing,1000271726,6329,1210609054,,Abandoned,,,Surrey,12171 90 AVE - in roadway,Old PRV in roadway,,,,,,,20020429,20130606,49.166894,-122.886198
124,,1,0,Pressure Reducing,1000260684,21448,1498008436,No,In Service,W-323,,Surrey,14983 84 AVE,PREVIOUSLY PLACE W/O ATTR - Shut off Aug 7/15 ,Final AB,,,,,,20021028,20180201,49.155603,-122.806927
125,,1,0,Pressure Reducing,1000265076,16845,1280602366,,Abandoned,,,Surrey,,Details of abandonment are unknown.,,,,,,,20020502,20120705,49.045849,-122.867216
126,,1,0,Pressure Reducing,1001944741,,1600710185,,In Service,1705-3120-00,2016,Surrey,160 St & 101A Ave (NE Corner),,Initial AB,,,,,,20170830,20170830,49.187215,-122.778454
127,,1,0,Pressure Reducing,1000277743,10067,1680108041,,Abandoned,W433,1984,Surrey,8015 168 ST,,Final AB,,,,,,20020430,20151016,49.148377,-122.756726
128,,0,0,Pressure Reducing,1000265203,16774,1297802852,,Abandoned,W570,1986,Surrey,130 ST & CRESCENT RD,Abandoned - (132St and Crescent Rd.),Final AB,,,,,,20020502,20171020,49.054643,-122.862453
129,,1,2,Valve,1000270180,16190,1443104065,,Abandoned,,,Surrey,,,,,,,,,20020502,,49.076540,-122.822356
130,,1,0,Pressure Reducing,1001721780,,1958306447,,Proposed,7811-0140-00,2013,Surrey,,,EC,,,,,,20131217,20131217,49.119333,-122.680166
131,,1,2,Valve,1000275107,16258,1432103641,,Abandoned,,,Surrey,,,,,,,,,20020502,,49.068871,-122.825401
132,,0,0,Pressure Reducing,1000276840,20712,1119709707,,Abandoned,,,Surrey,,FIELD INFO,,,,,,,20020910,20111019,49.178737,-122.911272
133,,1,0,Pressure Reducing,1000272397,23403,1479606889,,Abandoned,1202-5010-00,2004,Surrey,14805 68A AVE,On 148 ST,Final AB,,,,,,20060404,20130124,49.127623,-122.812117
134,,1,0,Pressure Reducing,1000274222,21987,1461607509,,Abandoned,7896-0081-00,1997,Surrey,7450 146 ST,Abandoned - (146 & 75 Ave)SEE ALSO W-053-031,Final AB,,,,,,20030515,20170410,49.138856,-122.817047
135,,1,0,Pressure Reducing,1000266702,7065,1397909037,,Abandoned,,,Surrey,90 AVE & 140 ST,Chamber filled with sand,,,,,,,20020429,20171128,49.166525,-122.834501
136,,1,0,Pressure Reducing,1000849911,,1333211282,,In Service,,,Surrey,13325 112A AVE,,,,,,,,20080508,20171128,49.207185,-122.852257
137,,1,0,Pressure Reducing,1001416052,,1599507984,,In Service,1209-5110-00,2014,Surrey,7988 160TH AVE.,Circulation PRV; Shut off Dec 2014,Final AB,,,,,,20151014,20171128,49.147384,-122.778956
138,,1,0,Pressure Reducing,1001416106,,1320408826,,In Service,1209-5170-00,2014,Surrey,"13213 88TH AVE, PRV CHAMBER",,Final AB,,New,20131201,,,20151015,20170413,49.162748,-122.855923
139,,1,0,Pressure Reducing,1001416116,,1361506418,,In Service,1209-5180-00,2014,Surrey,KING GEORGE BLVD AND 64TH AVE,,Final AB,,New,20131001,,,20151015,20170413,49.119149,-122.844714
140,,1,0,Pressure Reducing,1001416117,,1372506805,,In Service,1209-5190-00,2014,Surrey,13748 HYLAND ROAD,Critical - (68th & Hyland),Final AB,,New,20130607,,,20151015,20170413,49.126157,-122.841645
141,,1,0,Pressure Reducing,1001416140,,1725802746,,In Service,1209-5200-00,2014,Surrey,2773 COUNTRY WOODS DRIVE ,"West side of Country Woods Dr., left side of 2773s driveway",Final AB,,New,20131210,,,20151016,20170413,49.052521,-122.744612
142,,1,0,Pressure Reducing,1001416141,,1680108041,,In Service,1209-5210-00,2014,Surrey,FRASER HWY AND 168TH STREET,,Final AB,,New,20130627,,,20151016,20170413,49.148377,-122.756737
143,,1,0,Pressure Reducing,1001416142,,1667302370,,In Service,1209-5220-00,2014,Surrey,16667 24TH AVE,,Final AB,,,,,,20151016,20170413,49.045750,-122.760758
144,,1,0,Pressure Reducing,1001416143,,1359401367,,In Service,1209-5230-00,2014,Surrey,14TH AVE AND 136TH STREET,,Final AB,,,,,,20151016,20170413,49.027748,-122.845564
145,,1,0,Pressure Reducing,1001416144,,1300001382,,In Service,1209-5240-00,2014,Surrey,14TH AVE AND 130TH STREET,,Final AB,,,,,,20151019,20170413,49.028047,-122.861922
146,,0,2,Valve,1000271613,6150,1214509049,,Abandoned,,,Surrey,,,,,,,,,20020429,20171221,49.166802,-122.885109
147,,1,0,Pressure Reducing,1001559543,,1241310424,,In Service,1200-3060-00,2013,Surrey,12442 104TH AVE,Secondary - PRV Chamber,EC,,New,20130531,,,20121116,20170413,49.191691,-122.877660
148,,1,2,Valve,1001591349,,1267806264,,In Service,,,Metro Vancouver,,,,,,,,,20130404,20170413,49.116393,-122.870538
149,,1,2,Valve,1001740184,,1134910275,,In Service,Fraser Surrey Docks,2013,Private,,New Backflow Preventor,Final AB,,,,,,20140407,20170413,49.189005,-122.907045
150,,1,2,Valve,1001740185,,1135110273,,In Service,Fraser Surrey Docks,2013,Private,,Flow Meter in Exist. Chamber,Final AB,,,,,,20140407,20170413,49.188978,-122.906994
151,,1,3,Zone Meter,1001842524,,1127009908,,In Service,1209-5120-00,2014,Surrey,PLYWOOD RD & ROBSON RD,Flowmeter in 1500 MH (North flowmeter),Final AB,,,,,,20151015,20170413,49.182374,-122.909254
152,,1,3,Zone Meter,1001842525,,1126409899,,In Service,1209-5120-00,2014,Surrey,PLYWOOD RD & ROBSON RD,Flowmeter in 1500 MH,Final AB,,,,,,20151015,20170413,49.182207,-122.909418
153,,1,2,Valve,1001856384,,1460402161,,In Service,,,Surrey,,,,,,,,,20160128,20170413,49.042079,-122.817713
154,,1,2,Valve,1001856385,,1460302161,,In Service,,,Surrey,,,,,,,,,20160128,20170413,49.042079,-122.817755
155,,1,0,Pressure Reducing,1000260676,9417,1517908349,,In Service,7881-1281,2002,Surrey,8311 152 ST,,Final AB,,,,,,20020430,20170413,49.154033,-122.801458
156,,1,2,Valve,1000271630,6175,1210509050,,In Service,,,Metro Vancouver,,,,,,,,,20020429,20171219,49.166821,-122.886242
157,,1,0,Pressure Reducing,1000265440,16605,1240702492,,In Service,W364,1984,Surrey,2496 124 ST,On 25 AVE - Shut off Aug 14/15 - Removed June 2016,Final AB,,,,,,20020502,20171220,49.048153,-122.878178
158,,1,0,Pressure Reducing,1000267210,65,1199011200,,In Service,,1974,Surrey,PATULLO BRIDGE (S),Shut off Aug 13/15,Final AB,,,,,,20020424,20171220,49.205729,-122.889328
159,,0,0,Pressure Reducing,1000267364,2735,1448911652,,Abandoned,,,Surrey,14502 116A AVE,In lane at rear,,,,,,,20020424,20171220,49.213824,-122.820266
160,,1,0,Pressure Reducing,1000260782,9286,1459508520,,In Service,,,Surrey,8489 146 ST,Shut off and Marked Dec 11/14,,,,,,,20020429,20171220,49.157141,-122.817549
161,,1,0,Pressure Reducing,1000260793,9297,1492508544,,In Service,7888-0002,1990,Surrey,8519 149A ST,Shut off and marked Dec 11/14,Final AB,,,,,,20020430,20171220,49.157561,-122.808433
162,,1,0,Pressure Reducing,1000269439,15178,1840405798,,Abandoned,W634,1986,Surrey,58 AVE & 184 ST,Abandoned - Decommissioned,Final AB,,,,,,20020502,20140415,49.107675,-122.712760
163,,0,2,Valve,1000272767,14139,1277506263,,Abandoned,,2002,Surrey,,,,,,,,,20020502,20101215,49.116366,-122.867878
164,,1,0,Pressure Reducing,1000281025,22336,1416411626,,Abandoned,,2002,Surrey,11576 141A ST,Abandoned - AS PER OPERATIONS,,,,,,,20030616,20140415,49.213348,-122.829238
165,,1,0,Pressure Reducing,1000264163,21997,1632707856,,In Service,1296-501,2002,Surrey,16316 78A AVE,SEE DETAIL SHEET W-055-069 - Shut off and marked Dec 03/14,Final AB,,,,,,20030516,20171220,49.145039,-122.769832
166,,1,0,Pressure Reducing,1000269058,20215,1665410901,,Abandoned,7898-0015-00,2001,Surrey,10873 166A ST,Abandoned,Final AB,,,,,,20020628,20171220,49.200131,-122.760535
167,,1,0,Pressure Reducing,1000269114,22924,1667910830,,In Service,1202-5050-00,2003,Surrey,16690 108 AVE,"Shut off inlet only, Dec 19/14",Final AB,,,,,,20031125,20171220,49.198848,-122.759504
168,,1,0,Pressure Reducing,1000269792,15491,1897405959,,In Service,7887-1346,1991,Surrey,18975 59A AVE,Shut off and Marked Nov. 27/14,Final AB,,,,,,20020429,20171220,49.110554,-122.697012
169,,1,0,Pressure Reducing,1000269921,15625,1894005834,,In Service,7887-1340,1988,Surrey,18952 58 AVE,Shut off and Marked Nov 27/14,Final AB,,,,,,20020502,20171220,49.108299,-122.697971
170,,1,0,Pressure Reducing,1000274176,11512,1453007570,,In Service,,,Surrey,7549 WILTSHIRE DR,"Shut off, Aug 7/15",,,,,,,20020501,20171220,49.139952,-122.819414
171,,1,0,Pressure Reducing,1000274215,21943,1473707431,,Abandoned,7897-0332-00,2001,Surrey,14755 74 AVE,Abandoned - (14800-74 Ave) SEE ALSO W-053-062,Final AB,,,,,,20030513,20171220,49.137429,-122.813704
172,,1,3,Zone Meter,1001932381,,1460002205,,In Service,1213-3280-00,2015,Surrey,,,Final AB,,,,,,20170524,20170524,49.042876,-122.817826
173,,1,3,Zone Meter,1001932385,,1462410544,,In Service,1213-3280-00,2015,Surrey,,Whalley P.S.,Final AB,,,,,,20170524,20170524,49.193764,-122.816606
174,,1,3,Zone Meter,1001932377,,1373006807,,In Service,1213-3280-00,2015,Surrey,,,Final AB,,,,,,20170524,20170524,49.126187,-122.841506
175,,1,3,Zone Meter,1001932384,,1458702135,,In Service,1213-3280-00,2015,Surrey,Sunnyside P.S. 1,,Final AB,,,,,,20170524,20170524,49.041611,-122.818205
176,,1,3,Zone Meter,1001932387,,1269706270,,In Service,1213-3280-00,2015,Surrey,Newton P.S.,,Final AB,,,,,,20170524,20170524,49.116496,-122.870017
177,,1,0,Pressure Reducing,1000269455,15194,1841005750,,In Service,W634,1986,Surrey,5758 184 ST,,Final AB,,,,,,20020502,20171128,49.106807,-122.712600
178,,1,0,Pressure Reducing,1000269851,15554,1919406381,,In Service,W-121,1994,Surrey,6356 192 ST,Already shut off July 27/16,Final AB,,,,,,20020502,20171128,49.118172,-122.690904
179,,1,0,Pressure Reducing,1000277249,21341,1357709212,,In Service,1299-5000-00,2001,Surrey,9180 KING GEORGE BLVD,"SEE ALSO W-031-098, WD-031-042",Final AB,,,,,,20021008,20171128,49.169705,-122.845608
180,,1,0,Pressure Reducing,1000277519,22897,1358008215,,In Service,,,Surrey,8190 KING GEORGE BLVD,"No prv, is a water meter",,,,,,,20031104,20171128,49.151671,-122.845572
181,,1,0,Pressure Reducing,1000270751,15879,1940006272,,In Service,,2002,Surrey,19401 FRASER HWY,"Already shut off, July 25/16",,,,,,,20020502,20171128,49.116193,-122.685233
182,,1,0,Pressure Reducing,1000261751,23390,1419811180,,In Service,1201-3040-00,2004,Surrey,14207 KINDERSLEY DR,Secondary - (Kindersley & Coventry),Final AB,,,,,,20041108,20170413,49.205294,-122.828322
183,,1,0,Pressure Reducing,1000263197,22703,1544603163,,In Service,1200-5010-00,2002,Surrey,15400 32 AVE,,Final AB,,,,,,20030807,20170413,49.060166,-122.794460
184,,1,0,Pressure Reducing,1000263201,22940,1559703556,,In Service,1200-5020-00,2002,Surrey,3581 156 ST,,Final AB,,,,,,20050708,20170413,49.067271,-122.790282
185,,1,0,Pressure Reducing,1000263182,21809,1525303365,,In Service,7896-0307-00,2003,Surrey,15233 34 AVE,,Final AB,,,,,,20030410,20170413,49.063829,-122.799770
186,,1,0,Pressure Reducing,1000263979,18082,1299401568,,In Service,W530,,Surrey,16 AVE & 130 ST,,Final AB,,,,,,20020503,20170413,49.031403,-122.862060
187,,1,0,Pressure Reducing,1000263997,18102,1358201563,,In Service,,,Surrey,13589 16 AVE,Secondary - (16th Ave and 136th Street),Final AB,,,,,,20020503,20170413,49.031295,-122.845877
188,,1,0,Pressure Reducing,1000264170,22076,1640907886,,In Service,1298-303,2002,Surrey,7854 164 ST,,Final AB,,,,,,20030521,20170413,49.145582,-122.767564
189,,1,0,Pressure Reducing,1000264429,23382,1839201958,,In Service,12025040-00,2004,Surrey,18386 20 AVE,On 184 ST,Final AB,,,,,,20041103,20170413,49.038190,-122.713472
190,,1,0,Pressure Reducing,1000264541,19404,1760601963,,In Service,,,Surrey,1994 176 ST,,,,,,,,20020503,20170413,49.038335,-122.735116
191,,1,0,Pressure Reducing,1000264573,22264,1760901580,,In Service,,,Surrey,17621 16 AVE,On 176 ST,,,,,,,20030611,20170413,49.031385,-122.735066
192,,1,0,Pressure Reducing,1000264887,23357,1721402973,,In Service,1202-5110-00,2004,Surrey,17218 HILLVIEW PL,,Final AB,,,,,,20041109,20170413,49.056638,-122.745821
193,,1,0,Pressure Reducing,1000264892,23397,1758802869,,In Service,1202-5100,2004,Surrey,2909 176 ST,,Final AB,,,,,,20051103,20170413,49.054730,-122.735526
194,,1,0,Pressure Reducing,1000264929,23791,1919502762,,In Service,1204-6050-00,2005,Surrey,28 AVE & 192 ST,,Final AB,,,,,,20051012,20170413,49.052687,-122.691296
195,,1,0,Pressure Reducing,1000265083,16855,1359502972,,In Service,W432,1984,Surrey,3018 136 ST,,Final AB,,,,,,20020502,20170413,49.056787,-122.845441
196,,1,0,Pressure Reducing,1000265115,22228,1319902664,,In Service,1200-5030-02,2002,Surrey,2710 132 ST,AS PER OPERATION,Final AB,,,,,,20030606,20170413,49.051237,-122.856368
197,,0,0,Pressure Reducing,1000265350,16722,1246602499,,Abandoned,W-886,1993,Surrey,25 AVE & 124B ST,,Final AB,,,,,,20020502,20170622,49.048268,-122.876546
198,,1,0,Pressure Reducing,1000275803,13187,1822906632,,In Service,,,Surrey,18197 66 AVE,Shut off Aug 13/15,,,,,,,20020502,20171220,49.122788,-122.717488
199,,1,0,Pressure Reducing,1000275846,21508,1817506709,,In Service,7800-0028-00,2001,Surrey,67 AVE & 182 ST,"SEE ALSO W-067-065 - Shut off inlet only, Nov 27/14 ",Final AB,,,,,,20021115,20171220,49.124164,-122.718956
200,,1,0,Pressure Reducing,1000276017,14391,1489605700,,Abandoned,,,Surrey,14899 57 AVE,Abandoned (14900-57Ave),,,,,,,20020502,20171220,49.106111,-122.809442
201,,1,0,Pressure Reducing,1000276057,22263,1494805914,,In Service,7801-0127-00,2002,Surrey,14957 59 AVE,Shut off May 17/17,Final AB,,,,,,20030610,20171220,49.109949,-122.807997
202,,0,0,Pressure Reducing,1000267068,83,1198611202,,Abandoned,,1974,Surrey,,,Final AB,,,,,,20020423,20100727,49.205767,-122.889431
203,,1,0,Pressure Reducing,1000276131,24124,1499005953,,In Service,7803-0214-00,2005,Surrey,5945 150 ST,On 59A AVE - Dec 12/14,,,,,,,20060607,20171220,49.110686,-122.806831
204,,1,0,Pressure Reducing,1000276555,22130,1288311049,,In Service,,,Surrey,11010 129 ST,AS PER OPERATIONS - Aug 13/15,,,,,,,20020918,20171220,49.202972,-122.864660
205,,0,2,Valve,1000267130,168,1198611203,,Abandoned,,1974,Surrey,PATULLO BRIDGE (N),,Final AB,,,,,,20020423,20100727,49.205782,-122.889422
206,,1,0,Pressure Reducing,1000277430,8696,1323008297,,Abandoned,7887-5290,1988,Surrey,13267 82B AVE,Abandoned - (132A & 82B Ave),Final AB,,,,,,20020430,20171220,49.153171,-122.855211
207,,0,2,Valve,1000267131,169,1198611203,,Abandoned,,1974,Surrey,,,Final AB,,,,,,20020423,20100727,49.205784,-122.889429
208,,1,0,Pressure Reducing,1000277516,21435,1358008151,,In Service,1200-5030-00,2001,Surrey,8158 KING GEORGE BLVD,SEE ALSO W-041-067 - Shut off July 13 to Aug 6/15,Final AB,,,,,,20021022,20171220,49.150506,-122.845564
209,,1,0,Pressure Reducing,1000277851,22051,1662208431,,In Service,1297-0501-00,2002,Surrey,16618 84 AVE,Shut off and marked Dec 3/14 ,Final AB,,,,,,20030520,20171220,49.155442,-122.761622
210,,0,0,Pressure Reducing,1000267027,233,1234410434,,Abandoned,,1980,Surrey,12354 104 AVE,,Final AB,,,,,,20020423,20110614,49.191868,-122.879572
211,,1,0,Pressure Reducing,1000278146,11309,1417907741,,In Service,W-124,1993,Surrey,7713 142 ST,Shut off Aug 14/15,Final AB,,,,,,20020501,20171220,49.143073,-122.829078
212,,1,0,Pressure Reducing,1000280108,3039,1692510428,,In Service,7889-0176-01,1992,Surrey,16920 104 AVE,"Shut off and marked, Dec 19/14",Final AB,,,,,,20020425,20171220,49.191553,-122.753086
213,,1,0,Pressure Reducing,1000280637,23730,1608202973,,In Service,7899-0179-00,2003,Surrey,16117 30 AVE,SEE ALSO W-115-029 - Shut off marked Dec 30/14 ,Final AB,,,,,,20050825,20171220,49.056697,-122.776974
214,,1,0,Pressure Reducing,1000280805,21643,1318711236,,Abandoned,1201-3040-00,2002,Surrey,13211 KING GEORGE HWY,Abandoned - (112 Ave & KGH),Final AB,,,,,,20030304,20171220,49.206350,-122.856250
215,,1,0,Pressure Reducing,1000280813,22590,1308711228,,Abandoned,3090,1972,Surrey,112 AVE & 131 ST,Abandoned,Final AB,,,,,,20020424,20171220,49.206191,-122.859001
216,,1,0,Pressure Reducing,1000276065,22654,1494905881,,In Service,7801-0127-01,2002,Surrey,14955 58A AVE,SEE ALSO W-073-040 Shut off Dec 12/14,Final AB,,,,,,20030724,20171128,49.109352,-122.807970
217,,1,0,Pressure Reducing,1000265436,16601,1280202662,,In Service,W364,1984,Surrey,26B 128 ST,Across from 2673 128 ST,Final AB,,,,,,20020502,20170413,49.051221,-122.867312
218,,1,0,Pressure Reducing,1000265630,15973,1339105093,,In Service,,,Metro Vancouver,13549 COLEBROOK RD,,,,,,,,20020502,20170413,49.095177,-122.850955
219,,1,0,Pressure Reducing,1000265665,22192,1430005475,,In Service,1292-212,1999,Surrey,5423 KING GEORGE HWY,"MOVED 22M EAST , FIELD NOTES VIA J. ARASON",Final AB,,,,,,20030603,20170413,49.102059,-122.825868
220,,1,0,Pressure Reducing,1000265836,11726,1840007219,,In Service,4083,1976,Surrey,7219 184 ST,,Final AB,,,,,,20020501,20170413,49.133386,-122.712696
221,,1,0,Pressure Reducing,1000265924,10740,1919108048,,In Service,0565,1969,Surrey,8035 192 ST,,Final AB,,,,,,20020501,20170413,49.148330,-122.690812
222,,1,0,Pressure Reducing,1000265955,9024,1439208451,,In Service,1295-501,1995,Surrey,8418 144 ST,,Final AB,,,,,,20020430,20170413,49.155915,-122.823149
223,,1,0,Pressure Reducing,1000265978,9352,1437708825,,In Service,W442,2002,Surrey,8789 144 ST,,Final AB,,,,,,20020430,20170413,49.162683,-122.823535
224,,1,0,Pressure Reducing,1000266297,22710,1558609536,,In Service,F/T,,Surrey,9531 156 ST,,,,,,,,20030808,20170413,49.175477,-122.790135
225,,1,0,Pressure Reducing,1000269437,15176,1819506002,,In Service,4653,1980,Surrey,60 AVE & 182 ST,,Final AB,,,,,,20020502,20170413,49.111390,-122.718496
226,,1,0,Pressure Reducing,1000267019,21370,1624909622,,In Service,1298-5060-00,2001,Surrey,16261 96 AVE,WY  INFO,Final AB,,,,,,20031118,20170413,49.177009,-122.771836
227,,1,0,Pressure Reducing,1000267065,76,1234810434,,In Service,,1980,Surrey,12362 104TH AVE,,Final AB,,,,,,20020423,20170413,49.191859,-122.879452
228,,1,0,Pressure Reducing,1000267365,2793,1465711328,,In Service,7883-065,1986,Surrey,SURREY RD & WALLACE DR,,Final AB,,,,,,20020424,20170413,49.207950,-122.815641
229,,1,0,Pressure Reducing,1000281023,21682,1404811623,,Abandoned,1201-3040-00,2002,Surrey,11590 140A ST,Abandoned - (116 Ave & 140A St),Final AB,,,,,,20030306,20171220,49.213310,-122.832460
230,,1,0,Pressure Reducing,1000816019,,1547003554,,In Service,7804-0388-00,2006,Surrey,3593 ROSEMARY HEIGHTS DR,,Final AB,,,,,,20070111,20171220,49.067240,-122.793771
231,,1,0,Pressure Reducing,1000266737,23065,1406108831,,In Service,,,Surrey,14088 88 AVE,"Shut off prv, from valves inside chamber. Aug 20/15",,,,,,,20040401,20171220,49.162795,-122.832260
232,,1,0,Pressure Reducing,1000279534,17326,1519702930,,In Service,,,Surrey,2944 151 ST,At rear on 152 ST - Shut off July 13 to Aug 6/15,,,,,,,20020503,20171220,49.055966,-122.801352
233,,1,0,Pressure Reducing,1000277272,23021,1356408907,,In Service,1202-6110-00,2003,Surrey,88A AVE & KING GEORGE BLVD,Shut off and marked Nov 2014,Final AB,,,,,,20040127,20171220,49.164208,-122.846027
234,,1,0,Pressure Reducing,1001122564,,1580602705,No,In Service,7806-0289-00,2008,Surrey,27 AVE & 158 ST,"Recirculation PRV in 1050 MH - Shut off July 13 to Aug 6, 2015",Final AB,,,,,,20090527,20171220,49.051864,-122.784592
235,,0,0,Pressure Reducing,1000279830,19722,1627701369,,Abandoned,W530,1985,Surrey,1421 KING GEORGE HWY (W),,Final AB,,,,,,20020506,20151015,49.027660,-122.771740
236,,1,0,Pressure Reducing,1000272057,9715,1600408027,,Abandoned,,,Surrey,,,,,,,,,20020430,,49.148166,-122.778705
237,,1,0,Pressure Reducing,1000268509,23435,1918005434,,In Service,1299-5020-00,2004,Surrey,5419 192 ST,,Final AB,,,,,,20041208,20170413,49.101034,-122.691402
238,,1,0,Pressure Reducing,1000269077,22021,1641711236,,In Service,7890-0339-00,1999,Surrey,16418 112 AVE,Secondary - SEE ALSO WD-015-038,Final AB,,,,,,20030516,20170413,49.206195,-122.767053
239,,1,0,Pressure Reducing,1000269116,23083,1676710633,,In Service,7802-0292-00,2003,Surrey,10628 CHERRYHILL CT,SEE ALSO WD-015-045,Final AB,,,,,,20040419,20170413,49.195263,-122.757438
240,,1,0,Pressure Reducing,1000269197,13031,1761406885,,In Service,1296-507,1998,Surrey,68A AVE & 176 ST,,Final AB,,,,,,20020502,20170413,49.127401,-122.734424
241,,1,0,Pressure Reducing,1000269204,22249,1760506547,,In Service,7888-0429-00,1990,Surrey,HWY 15 & 65A AVE,SEE ALSO WD-067-012,Final AB,,,,,,20030609,20170413,49.121290,-122.734700
242,,1,0,Pressure Reducing,1000269981,15690,1881005771,,In Service,W-211,1992,Surrey,57 AVE & 188 ST,,Final AB,,,,,,20020502,20170413,49.107166,-122.701565
243,,1,0,Pressure Reducing,1000270433,5784,1462810549,,In Service,W-901,,Surrey,14620 105A AVE,Whalley Station,Final AB,,,,,,20020426,20170413,49.193869,-122.816502
244,,1,0,Pressure Reducing,1000270755,23617,1958906148,,In Service,WF-1384,1992,Metro Vancouver,196 TH & FRASER HWY,SEE ALSO GVW-079-002,Final AB,,,,,,20050429,20170413,49.113934,-122.680059
245,,1,0,Pressure Reducing,1000272039,9696,1549908031,,In Service,7891-0534,1994,Surrey,15506 80 AVE,,Final AB,,,,,,20020430,20170413,49.148262,-122.792639
246,,1,0,Pressure Reducing,1000272712,13670,1272106264,,In Service,,,Metro Vancouver,6275 128 ST,Newton Station,,,,,,,20020502,20170413,49.116386,-122.869369
247,,1,0,Pressure Reducing,1000273261,7265,1098709626,,In Service,7892-0349-00,2002,Surrey,9600 - ALASKA WAY ,,Final AB,,,,,,20020429,20170413,49.177282,-122.917076
248,,1,0,Pressure Reducing,1000275093,16243,1439603171,,In Service,W-904,,Surrey,3227 144 ST,,Final AB,,,,,,20020502,20170413,49.060357,-122.823378
249,,1,0,Pressure Reducing,1000275564,17097,1440502663,,In Service,W-337,,Surrey,2735 144 ST,,Final AB,,,,,,20020502,20170413,49.051168,-122.823164
250,,1,3,Zone Meter,1001901513,1000268510,1918005428,,Proposed,1299-5020-00,2004,Surrey,54 Ave & 192 St,,Final AB,,,,0,0,20170106,20170502,49.100921,-122.691404
251,,1,0,Pressure Reducing,1001420288,,1212409058,,In Service,1211-5060-00,2014,Surrey,12171 90TH AVE  (IN FIELD TO WEST OF KENNEDY PS),Secondary - New PRVs for Kennedy PS,Initial AB,,NEW,20130517,,,20171220,20171220,49.166980,-122.885695
252,,1,3,Zone Meter,1001972323,,1212409053,,In Service,1211-5010-00,2014,Surrey,,,Initial AB,,,,,,20171220,20171220,49.166890,-122.885702
253,,1,0,Pressure Reducing,1000265987,21437,1368308024,,In Service,1200-2030-00,2001,Surrey,13715 80 AVE,(13660 - 80th Ave.) SEE ALSO W-042-065,Final AB,,,,,,20021024,20170816,49.148202,-122.842738
254,,1,0,Pressure Reducing,1000275816,20347,1806106804,,In Service,7893-0222-00,1998,Surrey,18068 68 AVE,,Final AB,,,,,,20020712,20170413,49.125907,-122.722109
255,,1,0,Pressure Reducing,1000276044,20353,1495805814,,In Service,7892-0609-00,1997,Surrey,14959 58 AVE,,Final AB,,,,,,20020712,20170413,49.108116,-122.807561
256,,1,0,Pressure Reducing,1000276800,3444,1196110140,,In Service,1296-506,1996,Surrey,10109 120 ST,Secondary,Final AB,,,,,,20020425,20170413,49.186558,-122.890156
257,,1,0,Pressure Reducing,1000277247,21339,1357409141,,In Service,1299-5000-00,2001,Surrey,91 AVE & KING GEORGE BLVD,"SEE ALSO W-031-097,099",Final AB,,,,,,20021008,20170413,49.168432,-122.845681
258,,1,0,Pressure Reducing,1000272396,23378,1478807215,,In Service,12026020-00,2004,Surrey,14796 72 AVE,On 148 ST,Final AB,,,,,,20041103,20170413,49.133521,-122.812308
259,,1,0,Pressure Reducing,1000277486,8758,1317708425,,In Service,W882,1992,Surrey,13229 84 AVE,,Final AB,,,,,,20020430,20170413,49.155492,-122.856678
260,,1,0,Pressure Reducing,1000277770,10094,1647008657,,In Service,7888-0323-00,1991,Surrey,16490 86A AVE,,Final AB,,,,,,20020430,20170413,49.159526,-122.765799
261,,1,0,Pressure Reducing,1000278346,13301,1905907198,,In Service,WF-1456,2003,Metro Vancouver,19080 72 AVE,Clayton Station,Final AB,,,,,,20020502,20170413,49.132975,-122.694538
262,,1,0,Pressure Reducing,1000278417,20489,1920006453,,In Service,1200-5030-04,2002,Surrey,6415 192 ST,,Final AB,,,,,,20020723,20170413,49.119466,-122.690733
263,,1,0,Pressure Reducing,1000279569,21290,1513502767,,In Service,1298-502,1999,Surrey,15073 27B AVE,On KING GEORGE HWY,Final AB,,,,,,20020930,20170413,49.053025,-122.803076
264,,1,0,Pressure Reducing,1000279772,20265,1572002363,,In Service,1297-5090-00,2000,Surrey,15677 24 AVE,SEE ALSO WD-114-033,Final AB,,,,,,20020709,20170413,49.045681,-122.786984
265,,1,0,Pressure Reducing,1000279776,20269,1556202363,,In Service,1297-511,1999,Surrey,15553 24 AVE,SEE ALSO WD-114-030,Final AB,,,,,,20020709,20170413,49.045695,-122.791350
266,,1,0,Pressure Reducing,1000280196,8121,1640209537,,In Service,4639,,Surrey,95 & 164 ST,,Final AB,,,,,,20020429,20170413,49.175454,-122.767621
267,,1,0,Pressure Reducing,1000280311,8243,1639308835,,In Service,,2002,Surrey,16388 88 AVE,,,,,,,,20020429,20170413,49.162785,-122.767913
268,,1,0,Pressure Reducing,1000280317,21403,1628909431,,In Service,,1998,Surrey,16289 94 AVE,SEE TIE IN SEPT 24/98,,,,,,,20021016,20170413,49.173553,-122.770743
269,,1,0,Pressure Reducing,1000280533,17547,1680702778,,In Service,W-360,1983,Surrey,2815 168 ST,,Final AB,,,,,,20020503,20170413,49.053134,-122.757043
270,,1,0,Pressure Reducing,1000280558,17572,1680703001,,In Service,W-360,1983,Surrey,3047 168 ST,,Final AB,,,,,,20020503,20170413,49.057166,-122.757000
271,,1,0,Pressure Reducing,1000280629,22978,1640902825,,In Service,1202-5030-00,2003,Surrey,2848 164 ST,,Final AB,,,,,,20031223,20170413,49.053997,-122.767997
272,,1,0,Pressure Reducing,1000280630,22979,1640903050,,In Service,1202-5020-00,2003,Surrey,16375 30B AVE,On 164 ST,Final AB,,,,,,20031223,20170413,49.058083,-122.767971
273,,1,0,Pressure Reducing,1000264930,23806,1840102375,,In Service,1204-6080-00,2005,Surrey,24 AVE & 184 ST,,Final AB,,,,,,20051014,20170413,49.045737,-122.713175
274,,1,2,Valve,1000261102,8499,1197508653,,In Service,,,Metro Vancouver,,,,,,,,,20020429,20170413,49.159642,-122.889832
275,,1,2,Valve,1000260963,8771,1212608658,,In Service,,2002,Metro Vancouver,,,,,,,,,20020430,20170413,49.159740,-122.885653
276,,1,2,Valve,1000260965,8773,1236408044,,In Service,,2002,Metro Vancouver,,,,,,,,,20020430,20170413,49.148621,-122.879123
277,,1,2,Valve,1000261025,8419,1276708020,,In Service,,,Surrey,,,,,,,,,20020429,20170413,49.148173,-122.868009
278,,1,2,Valve,1000261292,5407,1817509621,,In Service,,,Surrey,,,,,,,,,20020426,20170413,49.176866,-122.718657
279,,1,2,Valve,1000261293,5408,1828509624,,In Service,,,Surrey,,,,,,,,,20020426,20170413,49.176926,-122.715639
280,,1,2,Valve,1000261827,7371,1439110420,,In Service,,,Surrey,,,,,,,,,20020429,20170413,49.191534,-122.823067
281,,1,2,Valve,1000262044,1839,1439010822,,In Service,,,Surrey,,,,,,,,,20020424,20170413,49.198809,-122.823057
282,,1,2,Valve,1000262061,1864,1438910555,,In Service,,,Surrey,,,,,,,,,20020424,20170413,49.193972,-122.823109
283,,1,2,Valve,1000262150,1698,1391910416,,In Service,,,Surrey,,,,,,,,,20020424,20170413,49.191486,-122.836099
284,,1,2,Valve,1000262466,18814,1455802098,,In Service,,,Metro Vancouver,,,,,,,,,20020503,20170413,49.040942,-122.818999
