{
  "aquatic hubs": [
    "environment",
    "fields",
    "requirement"
  ],
  "drainage dyke infrastructure": [
    "infrastructure"
  ],
  "heritage routes": [
    "youth",
    "routes"
  ],
  "park horticultural beds": [
    "green",
    "park",
    "parks",
    "grass",
    "trees",
    "gates"
  ],
  "park lights": [
    "green",
    "park",
    "parks",
    "grass",
    "trees",
    "gates",
    "parkland",
    "paths",
    "device",
    "lift",
    "light"
  ],
  "park natural areas": [
    "parks",
    "park",
    "green",
    "trees",
    "parkland",
    "grass",
    "gates",
    "nature",
    "feature",
    "network",
    "paths"
  ],
  "park outdoor recreation facilities": [
    "activities",
    "facilities",
    "recreation",
    "exercise",
    "in service",
    "vent"
  ],
  "park passive grass": [
    "green",
    "park",
    "parks",
    "grass",
    "trees",
    "gates",
    "parkland"
  ],
  "park paths and trails": [
    "parks",
    "trails",
    "road",
    "park",
    "exercise",
    "green",
    "sports",
    "recreation",
    "activities",
    "trees",
    "parkland",
    "row",
    "education",
    "fun",
    "dedication",
    "grass",
    "gates",
    "walk",
    "hiking",
    "well",
    "water",
    "paths",
    "walking",
    "biking",
    "facilities",
    "in service",
    "vent",
    "table"
  ],
  "park playgrounds": [
    "recreation",
    "education",
    "sports",
    "fun",
    "dedication"
  ],
  "park potential donation bench locations": [
    "recreation",
    "education",
    "sports",
    "fun",
    "dedication",
    "donation",
    "station",
    "downtown",
    "green",
    "park",
    "parks",
    "grass",
    "trees",
    "gates"
  ],
  "park specimen trees": [
    "trees",
    "green",
    "park",
    "parks",
    "grass",
    "gates"
  ],
  "park sports fields": [
    "requirement",
    "road",
    "exercise",
    "environment",
    "fields",
    "sports",
    "recreation",
    "activities",
    "row",
    "facilities",
    "water valves",
    "water",
    "water meters",
    "in service",
    "station",
    "facility",
    "assembly",
    "education",
    "fun",
    "dedication",
    "vent"
  ],
  "park structures": [
    "water valves",
    "valves",
    "structure",
    "crossing",
    "device",
    "education",
    "donation",
    "school",
    "water",
    "gates",
    "walk",
    "water meters",
    "infrastructure",
    "shelter",
    "sanitary catchments",
    "catchments",
    "green",
    "station",
    "downtown",
    "park",
    "parks",
    "grass",
    "trees",
    "parkland",
    "paths",
    "trails",
    "table"
  ],
  "park unimproved parkland": [
    "parks",
    "park",
    "green",
    "trees",
    "parkland",
    "recreation",
    "education",
    "sports",
    "fun",
    "dedication",
    "grass",
    "gates",
    "activities",
    "facilities",
    "exercise",
    "in service",
    "vent",
    "paths"
  ],
  "parks": [
    "parks",
    "parkland",
    "park",
    "facilities",
    "water valves",
    "water",
    "fields",
    "activities",
    "water meters",
    "in service",
    "station",
    "facility",
    "assembly",
    "recreation",
    "education",
    "sports",
    "fun",
    "dedication",
    "exercise",
    "valves",
    "structure",
    "crossing",
    "device",
    "donation",
    "school",
    "gates",
    "walk",
    "infrastructure",
    "shelter",
    "sanitary catchments",
    "catchments",
    "green",
    "downtown",
    "environment",
    "filling",
    "grass",
    "trees",
    "hiking",
    "well",
    "paths",
    "walking",
    "biking",
    "meters",
    "vent",
    "nature",
    "feature",
    "network",
    "youth",
    "routes",
    "valve",
    "lift",
    "light",
    "requirement",
    "health",
    "trails",
    "row",
    "table",
    "fitting",
    "road"
  ],
  "railway crossings": [
    "water valves",
    "valves",
    "structure",
    "crossing",
    "device"
  ],
  "road row requirements downtown": [
    "donation",
    "station",
    "downtown",
    "environment",
    "fields",
    "requirement",
    "sports",
    "row",
    "road"
  ],
  "sanitary catchments": [
    "structure",
    "infrastructure",
    "shelter",
    "sanitary catchments",
    "catchments"
  ],
  "sanitary lift stations": [
    "facilities",
    "water valves",
    "water",
    "fields",
    "activities",
    "water meters",
    "in service",
    "station",
    "facility",
    "assembly",
    "donation",
    "downtown",
    "nature",
    "feature",
    "network",
    "device",
    "lift",
    "light"
  ],
  "sanitary nodes": [
    "activities",
    "facilities",
    "recreation",
    "exercise",
    "in service",
    "vent"
  ],
  "secondary school catchments": [
    "recreation",
    "education",
    "sports",
    "fun",
    "dedication",
    "donation",
    "school"
  ],
  "trails and paths": [
    "walk",
    "hiking",
    "well",
    "water",
    "paths",
    "walking",
    "activities",
    "facilities",
    "recreation",
    "exercise",
    "in service",
    "vent",
    "parks",
    "park",
    "parkland",
    "health",
    "trails",
    "trees"
  ],
  "walking routes": [
    "walk",
    "hiking",
    "well",
    "water",
    "paths",
    "walking",
    "activities",
    "facilities",
    "recreation",
    "exercise",
    "in service",
    "vent",
    "youth",
    "routes"
  ],
  "water assemblies": [
    "facilities",
    "water valves",
    "water",
    "fields",
    "activities",
    "water meters",
    "in service",
    "station",
    "facility",
    "assembly",
    "valves",
    "structure",
    "crossing",
    "device",
    "walk",
    "hiking",
    "well",
    "paths",
    "walking",
    "valve"
  ],
  "water fittings": [
    "fitting",
    "filling",
    "walk",
    "hiking",
    "well",
    "water",
    "paths",
    "walking",
    "device",
    "lift",
    "light"
  ],
  "water meters": [
    "facilities",
    "water valves",
    "water",
    "fields",
    "activities",
    "water meters",
    "in service",
    "station",
    "facility",
    "assembly",
    "gates",
    "walk",
    "hiking",
    "well",
    "paths",
    "walking",
    "infrastructure",
    "meters",
    "recreation",
    "exercise",
    "vent"
  ],
  "water utility facilities": [
    "facilities",
    "water valves",
    "water",
    "fields",
    "activities",
    "water meters",
    "in service",
    "station",
    "facility",
    "assembly",
    "donation",
    "downtown",
    "environment",
    "filling",
    "walk",
    "hiking",
    "well",
    "paths",
    "walking"
  ],
  "water valves": [
    "facilities",
    "water valves",
    "water",
    "fields",
    "activities",
    "water meters",
    "in service",
    "station",
    "facility",
    "assembly",
    "valves",
    "structure",
    "crossing",
    "device",
    "gates",
    "walk",
    "infrastructure",
    "shelter",
    "sanitary catchments",
    "catchments",
    "hiking",
    "well",
    "paths",
    "walking",
    "valve"
  ]
}