{
  "drainage dyke infrastructure": [
    "infrastructure"
  ],
  "heritage routes": [
    "routes",
    "youth"
  ],
  "park horticultural beds": [
    "green",
    "park",
    "parks",
    "grass"
  ],
  "park lights": [
    "parks",
    "water",
    "lift",
    "park",
    "water meters",
    "device",
    "light",
    "water valves",
    "green",
    "walk",
    "well",
    "grass"
  ],
  "park outdoor recreation facilities": [
    "vent",
    "exercise",
    "station",
    "facility",
    "in service",
    "facilities",
    "assembly",
    "recreation",
    "activities"
  ],
  "park passive grass": [
    "green",
    "park",
    "parks",
    "grass",
    "parkland"
  ],
  "park paths and trails": [
    "recreation",
    "education",
    "sports",
    "fun",
    "dedication",
    "exercise",
    "activities",
    "green",
    "park",
    "parks",
    "grass",
    "walk",
    "hiking",
    "well",
    "water",
    "parkland",
    "biking"
  ],
  "park playgrounds": [
    "recreation",
    "education",
    "sports",
    "fun",
    "dedication"
  ],
  "park potential donation bench locations": [
    "recreation",
    "education",
    "sports",
    "fun",
    "dedication",
    "donation",
    "station",
    "green",
    "park",
    "parks",
    "grass"
  ],
  "park sports fields": [
    "facilities",
    "water valves",
    "water",
    "fields",
    "activities",
    "water meters",
    "in service",
    "station",
    "facility",
    "assembly",
    "recreation",
    "education",
    "sports",
    "fun",
    "dedication"
  ],
  "park structures": [
    "water valves",
    "valves",
    "structure",
    "crossing",
    "device",
    "education",
    "donation",
    "school",
    "water",
    "gates",
    "walk",
    "water meters",
    "infrastructure",
    "shelter",
    "sanitary catchments",
    "catchments",
    "green",
    "station",
    "park",
    "parks",
    "grass",
    "parkland"
  ],
  "park unimproved parkland": [
    "recreation",
    "education",
    "sports",
    "fun",
    "dedication",
    "green",
    "park",
    "parks",
    "grass",
    "parkland"
  ],
  "parks": [
    "parks",
    "green",
    "park",
    "facilities",
    "water valves",
    "water",
    "fields",
    "activities",
    "water meters",
    "in service",
    "station",
    "facility",
    "assembly",
    "recreation",
    "education",
    "sports",
    "fun",
    "dedication",
    "exercise",
    "valves",
    "structure",
    "crossing",
    "device",
    "donation",
    "school",
    "gates",
    "walk",
    "infrastructure",
    "shelter",
    "sanitary catchments",
    "catchments",
    "environment",
    "filling",
    "grass",
    "hiking",
    "well",
    "parkland",
    "biking",
    "meters",
    "vent",
    "nature",
    "feature",
    "network",
    "youth",
    "routes",
    "valve",
    "lift",
    "light"
  ],
  "railway crossings": [
    "water valves",
    "valves",
    "structure",
    "crossing",
    "device"
  ],
  "sanitary catchments": [
    "structure",
    "infrastructure",
    "shelter",
    "sanitary catchments",
    "catchments"
  ],
  "sanitary lift stations": [
    "facilities",
    "water valves",
    "water",
    "fields",
    "activities",
    "water meters",
    "in service",
    "station",
    "facility",
    "assembly",
    "donation",
    "nature",
    "feature",
    "network",
    "device",
    "lift",
    "light"
  ],
  "sanitary nodes": [
    "activities",
    "facilities",
    "recreation",
    "exercise",
    "in service",
    "vent"
  ],
  "secondary school catchments": [
    "recreation",
    "education",
    "sports",
    "fun",
    "dedication",
    "donation",
    "school"
  ],
  "water assemblies": [
    "vent",
    "exercise",
    "station",
    "facility",
    "valve",
    "in service",
    "facilities",
    "valves",
    "assembly",
    "recreation",
    "activities",
    "water valves",
    "water",
    "fields",
    "water meters",
    "structure",
    "crossing",
    "device",
    "walk",
    "hiking",
    "well"
  ],
  "water meters": [
    "facilities",
    "water valves",
    "water",
    "fields",
    "activities",
    "water meters",
    "in service",
    "station",
    "facility",
    "assembly",
    "gates",
    "walk",
    "hiking",
    "well",
    "infrastructure",
    "meters",
    "recreation",
    "exercise",
    "vent"
  ],
  "water utility facilities": [
    "vent",
    "exercise",
    "station",
    "facility",
    "in service",
    "facilities",
    "assembly",
    "recreation",
    "activities",
    "donation",
    "water valves",
    "water",
    "fields",
    "water meters",
    "environment",
    "filling",
    "walk",
    "hiking",
    "well"
  ],
  "water valves": [
    "well",
    "water",
    "lift",
    "water meters",
    "valve",
    "device",
    "valves",
    "light",
    "walk",
    "water valves",
    "facilities",
    "fields",
    "activities",
    "in service",
    "station",
    "facility",
    "assembly",
    "structure",
    "crossing",
    "gates",
    "infrastructure",
    "shelter",
    "sanitary catchments",
    "catchments",
    "hiking"
  ]
}