{
  "park natural areas": [
    "green",
    "park",
    "gates",
    "parkland",
    "trails",
    "trees",
    "parks",
    "table",
    "paths",
    "activities",
    "recreation",
    "exercise",
    "facilities",
    "nature",
    "sports",
    "fields"
  ],
  "park outdoor recreation facilities": [
    "green",
    "park",
    "trees",
    "gates",
    "activities",
    "recreation",
    "exercise",
    "facilities",
    "nature",
    "health",
    "sports",
    "fields"
  ],
  "park paths and trails": [
    "green",
    "park",
    "gates",
    "walking",
    "biking",
    "parkland",
    "activities",
    "trails",
    "trees",
    "walk",
    "hiking",
    "parks",
    "paths",
    "exercise",
    "recreation",
    "table",
    "sports",
    "facilities",
    "nature",
    "environment",
    "fields",
    "health",
    "routes"
  ],
  "park specimen trees": [
    "green",
    "gates",
    "trails",
    "trees",
    "table",
    "park",
    "activities",
    "recreation",
    "exercise",
    "facilities",
    "health",
    "sports"
  ],
  "park sports fields": [
    "recreation",
    "activities",
    "fields",
    "exercise",
    "environment",
    "sports",
    "facilities",
    "green",
    "park",
    "trees",
    "gates",
    "nature",
    "health",
    "paths",
    "trails"
  ],
  "park structures": [
    "green",
    "park",
    "gates",
    "parkland",
    "trails",
    "trees",
    "parks",
    "table",
    "paths",
    "activities",
    "recreation",
    "exercise",
    "facilities",
    "nature",
    "sports"
  ],
  "park unimproved parkland": [
    "green",
    "park",
    "gates",
    "parkland",
    "trails",
    "trees",
    "parks",
    "table",
    "paths",
    "activities",
    "recreation",
    "exercise",
    "facilities",
    "nature",
    "health",
    "sports",
    "fields"
  ],
  "parks": [
    "walking",
    "biking",
    "activities",
    "walk",
    "health",
    "sports",
    "green",
    "gates",
    "exercise",
    "facilities",
    "park",
    "youth",
    "trails",
    "trees",
    "nature",
    "routes",
    "table",
    "fields",
    "parkland",
    "environment",
    "hiking",
    "parks",
    "paths",
    "recreation"
  ],
  "trails and paths": [
    "park",
    "walking",
    "biking",
    "parkland",
    "walk",
    "hiking",
    "parks",
    "paths",
    "green",
    "trees",
    "gates",
    "activities",
    "recreation",
    "exercise",
    "facilities",
    "nature",
    "health",
    "trails",
    "sports",
    "routes"
  ],
  "walking routes": [
    "youth",
    "routes",
    "green",
    "park",
    "trees",
    "gates",
    "parks",
    "parkland",
    "paths",
    "activities",
    "recreation",
    "exercise",
    "facilities",
    "walk",
    "hiking",
    "walking",
    "nature",
    "environment",
    "fields",
    "health",
    "trails",
    "sports",
    "table"
  ]
}