{
  "aquatic hubs": [
    "nature",
    "environment",
    "fields",
    "requirement"
  ],
  "park natural areas": [
    "green",
    "park",
    "parkland",
    "trees",
    "parks",
    "gates",
    "paths",
    "activities",
    "recreation",
    "exercise",
    "facilities",
    "nature",
    "trails",
    "sports",
    "fields",
    "table",
    "road"
  ],
  "park outdoor recreation facilities": [
    "green",
    "park",
    "trees",
    "gates",
    "activities",
    "recreation",
    "exercise",
    "facilities",
    "nature",
    "health",
    "sports",
    "fields"
  ],
  "park paths and trails": [
    "green",
    "row",
    "park",
    "parkland",
    "activities",
    "trails",
    "trees",
    "road",
    "parks",
    "exercise",
    "recreation",
    "sports",
    "gates",
    "paths",
    "facilities",
    "walk",
    "hiking",
    "walking",
    "water",
    "nature",
    "environment",
    "fields",
    "requirement",
    "health",
    "routes",
    "biking",
    "fitting",
    "table"
  ],
  "park specimen trees": [
    "green",
    "trees",
    "park",
    "gates",
    "activities",
    "recreation",
    "exercise",
    "facilities",
    "health",
    "trails",
    "sports"
  ],
  "park sports fields": [
    "row",
    "requirement",
    "recreation",
    "activities",
    "road",
    "exercise",
    "environment",
    "sports",
    "fields",
    "green",
    "park",
    "trees",
    "gates",
    "facilities",
    "walk",
    "hiking",
    "paths",
    "walking",
    "water",
    "nature",
    "health",
    "trails"
  ],
  "park structures": [
    "green",
    "park",
    "trees",
    "gates",
    "parks",
    "parkland",
    "paths",
    "activities",
    "recreation",
    "exercise",
    "facilities",
    "nature",
    "sports",
    "trails",
    "table"
  ],
  "park unimproved parkland": [
    "green",
    "park",
    "parkland",
    "trees",
    "parks",
    "gates",
    "paths",
    "activities",
    "recreation",
    "exercise",
    "facilities",
    "nature",
    "health",
    "sports",
    "fields"
  ],
  "parks": [
    "activities",
    "road",
    "walk",
    "management",
    "health",
    "sports",
    "green",
    "row",
    "exercise",
    "facilities",
    "park",
    "requirement",
    "trails",
    "trees",
    "nature",
    "routes",
    "fields",
    "water",
    "parkland",
    "environment",
    "hiking",
    "parks",
    "fitting",
    "recreation",
    "gates",
    "paths",
    "walking",
    "youth",
    "biking",
    "table"
  ],
  "road row requirements downtown": [
    "environment",
    "fields",
    "requirement",
    "sports",
    "row",
    "road"
  ],
  "trails and paths": [
    "green",
    "park",
    "trees",
    "gates",
    "parks",
    "parkland",
    "paths",
    "activities",
    "recreation",
    "exercise",
    "facilities",
    "walk",
    "hiking",
    "walking",
    "water",
    "nature",
    "health",
    "trails",
    "sports",
    "routes"
  ],
  "walking routes": [
    "green",
    "park",
    "trees",
    "gates",
    "parks",
    "parkland",
    "paths",
    "activities",
    "recreation",
    "exercise",
    "facilities",
    "walk",
    "hiking",
    "walking",
    "water",
    "nature",
    "environment",
    "fields",
    "requirement",
    "health",
    "youth",
    "routes",
    "trails",
    "sports",
    "table"
  ],
  "water fittings": [
    "walk",
    "hiking",
    "fitting",
    "water",
    "activities",
    "recreation",
    "exercise",
    "facilities",
    "paths",
    "walking",
    "health",
    "sports",
    "biking"
  ]
}