{
  "drainage dyke infrastructure": [
    "nature",
    "feature",
    "network",
    "activities",
    "facilities",
    "recreation",
    "exercise",
    "health",
    "water",
    "green"
  ],
  "park outdoor recreation facilities": [
    "nature",
    "feature",
    "network",
    "activities",
    "facilities",
    "recreation",
    "exercise",
    "health",
    "green",
    "fields",
    "parks",
    "sports",
    "assembly"
  ],
  "park sports fields": [
    "sports",
    "recreation",
    "facilities",
    "row",
    "fields",
    "assembly",
    "environment",
    "activities",
    "requirement",
    "exercise",
    "walk",
    "well",
    "water",
    "nature",
    "feature",
    "network",
    "health",
    "green",
    "parks"
  ],
  "parks": [
    "sports",
    "recreation",
    "health",
    "facilities",
    "green",
    "water",
    "row",
    "fields",
    "assembly",
    "environment",
    "exercise",
    "road",
    "activities",
    "walk",
    "requirement",
    "nature",
    "parks",
    "well",
    "feature",
    "network"
  ],
  "road row requirements downtown": [
    "environment",
    "fields",
    "requirement",
    "sports",
    "row"
  ],
  "sanitary lift stations": [
    "nature",
    "feature",
    "network",
    "activities",
    "facilities",
    "recreation",
    "exercise",
    "health"
  ],
  "water assemblies": [
    "recreation",
    "facilities",
    "row",
    "assembly",
    "exercise",
    "activities",
    "sports",
    "walk",
    "well",
    "water",
    "nature",
    "feature",
    "network",
    "health"
  ],
  "water utility facilities": [
    "walk",
    "well",
    "water",
    "nature",
    "feature",
    "network",
    "activities",
    "facilities",
    "recreation",
    "exercise",
    "health"
  ]
}